et.citizen14@testmail.com,Adventure2023,1728316856111967,
et.citizen18@testmail.com,Adventure2023,1728466770909200
et.citizen15@testmail.com,Adventure2023,1728466770960336
et.citizen22@testmail.com,Adventure2023,1728466771528991
et.citizen20@testmail.com,Adventure2023,1728466771080126
et.citizen16@testmail.com,Adventure2023,1728466728473648
et.citizen25@testmail.com,Adventure2023,1728466771010081
et.citizen14@testmail.com,Adventure2023,1728466770842898
et.citizen23@testmail.com,Adventure2023,1728466770545657
et.citizen12@testmail.com,Adventure2023,1728466771676782
et.citizen24@testmail.com,Adventure2023,1728466771098961
et.citizen7@testmail.com,Adventure2023,1728466771088970
et.citizen11@testmail.com,Adventure2023,1728466770280107
et.citizen13@testmail.com,Adventure2023,1728466770976134
et.citizen17@testmail.com,Adventure2023,1728466770583641
et.citizen10@testmail.com,Adventure2023,1728466771463751
et.citizen19@testmail.com,Adventure2023,1728466770835074
et.citizen21@testmail.com,Adventure2023,1728466771718162
et.citizen9@testmail.com,Adventure2023,1728477520010546
et.citizen18@testmail.com,Adventure2023,1728477518131718
et.citizen12@testmail.com,Adventure2023,1728477516742763
et.citizen23@testmail.com,Adventure2023,1728477520048090
et.citizen10@testmail.com,Adventure2023,1728477518410476
et.citizen14@testmail.com,Adventure2023,1728477517199229
et.citizen16@testmail.com,Adventure2023,1728477518269237
et.citizen20@testmail.com,Adventure2023,1728477520796243
et.citizen7@testmail.com,Adventure2023,1728477516643391
et.citizen8@testmail.com,Adventure2023,1728477517389226
et.citizen7@testmail.com,Adventure2023,1728477521958974
et.citizen22@testmail.com,Adventure2023,1728477520864579
et.citizen17@testmail.com,Adventure2023,1728477518280861
et.citizen11@testmail.com,Adventure2023,1728477515519352
et.citizen15@testmail.com,Adventure2023,1728477517634332
et.citizen18@testmail.com,Adventure2023,1728477526227268
et.citizen23@testmail.com,Adventure2023,1728477528833956
et.citizen21@testmail.com,Adventure2023,1728477517272752
et.citizen30@testmail.com,Adventure2023,1728477522308872
et.citizen14@testmail.com,Adventure2023,1728477522901247
et.citizen14@testmail.com,Adventure2023,1728478625640492
et.citizen10@testmail.com,Adventure2023,1728478627990770
et.citizen13@testmail.com,Adventure2023,1728478627422329
et.citizen12@testmail.com,Adventure2023,1728478627226381
et.citizen11@testmail.com,Adventure2023,1728478627340281
et.citizen8@testmail.com,Adventure2023,1728478629248425
et.citizen18@testmail.com,Adventure2023,1728478631333371
et.citizen19@testmail.com,Adventure2023,1728478631912323
et.citizen9@testmail.com,Adventure2023,1728478631633580
et.citizen23@testmail.com,Adventure2023,1728478638932829
et.citizen17@testmail.com,Adventure2023,1728478633014821
et.citizen30@testmail.com,Adventure2023,1728478642619560
et.citizen28@testmail.com,Adventure2023,1728478641600710
et.citizen21@testmail.com,Adventure2023,1728478626046715
et.citizen7@testmail.com,Adventure2023,1728478631074090
et.citizen22@testmail.com,Adventure2023,1728478635798223
et.citizen15@testmail.com,Adventure2023,1728478634838384
et.citizen26@testmail.com,Adventure2023,1728478638783982
et.citizen24@testmail.com,Adventure2023,1728478632867492
et.citizen27@testmail.com,Adventure2023,1728478641161317
