ethosCaseRef,caseId,respondentName,applicantFirstName,applicantLastName
6001779/2025,1741183403097294,wcwJRyfRespondent,perftest,Employment
6001781/2025,1741183409158256,peRvNCmRespondent,perftest,Employment
6001786/2025,1741183426075780,QQwRwFbRespondent,perftest,Employment
6001785/2025,1741183417677164,neCOOQrRespondent,perftest,Employment
6001829/2025,1741264265582951,meNiYtsRespondent,perftest,Employment
6001831/2025,1741264255688594,JjphtZlRespondent,perftest,Employment
6001832/2025,1741264256469002,FHZoLrURespondent,perftest,Employment
6001830/2025,1741264251248864,rkAlaPeRespondent,perftest,Employment
6001835/2025,1741264250567819,QDkzfBVRespondent,perftest,Employment
6001834/2025,1741264256737994,dwjiDoARespondent,perftest,Employment
6001828/2025,1741264255652434,yUBskgXRespondent,perftest,Employment
6001837/2025,1741264254106119,JqDLbKYRespondent,perftest,Employment
6001840/2025,1741266907997216,FINaXUtRespondent,Citizen,Five
6001841/2025,1741266906124622,mQXEZQrRespondent,perftest,Employment
6001845/2025,1741266911139045,YbIAtabRespondent,perftest,Employment
6001842/2025,1741266906116404,irlEGVGRespondent,perftest,Employment
6001843/2025,1741266916345449,PWaBOYsRespondent,perftest,Employment
6001847/2025,1741266912950523,FsUNJtVRespondent,perftest,Employment
6001849/2025,1741266917020371,jOSLGQERespondent,perftest,Employment
6001846/2025,1741266923322340,pTwpHgZRespondent,perftest,Employment