username,password
et.caseworker.admin2@hmcts.net,Nagoya0102
et.caseworker.admin2@hmcts.net,Nagoya0102
et.caseworker.admin2@hmcts.net,Nagoya0102
et.caseworker.admin2@hmcts.net,Nagoya0102
et.caseworker.admin2@hmcts.net,Nagoya0102
et.caseworker.admin2@hmcts.net,Nagoya0102
et.caseworker.admin2@hmcts.net,Nagoya0102
et.caseworker.admin2@hmcts.net,Nagoya0102
et.caseworker.admin2@hmcts.net,Nagoya0102
et.caseworker.admin2@hmcts.net,Nagoya0102
et.caseworker.admin2@hmcts.net,Nagoya0102
et.caseworker.admin2@hmcts.net,Nagoya0102
et.caseworker.admin2@hmcts.net,Nagoya0102
et.caseworker.admin2@hmcts.net,Nagoya0102
et.caseworker.admin2@hmcts.net,Nagoya0102
et.caseworker.admin2@hmcts.net,Nagoya0102
et.caseworker.admin2@hmcts.net,Nagoya0102
et.caseworker.admin2@hmcts.net,Nagoya0102
et.caseworker.admin2@hmcts.net,Nagoya0102
et.caseworker.admin2@hmcts.net,Nagoya0102
et.caseworker.admin2@hmcts.net,Nagoya0102
et.caseworker.admin2@hmcts.net,Nagoya0102