username, password
et.citizen5@testmail.com, Adventure2023
et.citizen7@testmail.com, Adventure2023
et.citizen8@testmail.com, Adventure2023
et.citizen9@testmail.com, Adventure2023
et.citizen10@testmail.com, Adventure2023
et.citizen11@testmail.com, Adventure2023
et.citizen12@testmail.com, Adventure2023
et.citizen13@testmail.com, Adventure2023
et.citizen14@testmail.com, Adventure2023
et.citizen15@testmail.com, Adventure2023
et.citizen16@testmail.com, Adventure2023
et.citizen17@testmail.com, Adventure2023
et.citizen18@testmail.com, Adventure2023
et.citizen19@testmail.com, Adventure2023
et.citizen20@testmail.com, Adventure2023
et.citizen21@testmail.com, Adventure2023
et.citizen22@testmail.com, Adventure2023
et.citizen23@testmail.com, Adventure2023
et.citizen24@testmail.com, Adventure2023
et.citizen25@testmail.com, Adventure2023
et.citizen26@testmail.com, Adventure2023
et.citizen27@testmail.com, Adventure2023
et.citizen28@testmail.com, Adventure2023
et.citizen29@testmail.com, Adventure2023
et.citizen30@testmail.com, Adventure2023
